windowSizeObjectUse,thresholdMinDistanceRFID,thresholdMaxDistanceRFID,windowSizeHAR,cohenKappa
9000,20,200,6000,0.17986513586220784
9000,20,225,6000,0.17986513586220784
9000,20,250,6000,0.17986513586220784
9000,20,200,6500,0.17941049709335852
9000,20,225,6500,0.17941049709335852
9000,20,250,6500,0.17941049709335852
9000,20,200,7000,0.17910786177567706
9000,20,225,7000,0.17910786177567706
9000,20,250,7000,0.17910786177567706
9000,20,200,7500,0.17865459293782326
9000,20,225,7500,0.17865459293782326
9000,20,250,7500,0.17865459293782326
9000,20,200,8000,0.1783528688433045
9000,20,225,8000,0.1783528688433045
9000,20,250,8000,0.1783528688433045
8500,20,175,6000,0.17746164725313102
8500,20,200,6000,0.17746164725313102
8500,20,225,6000,0.17746164725313102
8500,20,250,6000,0.17746164725313102
9000,20,200,8500,0.17741499230369498
9000,20,225,8500,0.17741499230369498
9000,20,250,8500,0.17741499230369498
9000,20,175,6000,0.1773409107172735
8500,20,175,6500,0.17700934233536794
8500,20,200,6500,0.17700934233536794
8500,20,225,6500,0.17700934233536794
8500,20,250,6500,0.17700934233536794
9000,20,175,6500,0.17688930524951516
8500,20,175,7000,0.1767082663871946
8500,20,200,7000,0.1767082663871946
8500,20,225,7000,0.1767082663871946
8500,20,250,7000,0.1767082663871946
9000,20,175,7000,0.17658869177867192
8500,20,175,7500,0.17640755818222048
8500,20,200,7500,0.17640755818222048
8500,20,225,7500,0.17640755818222048
8500,20,250,7500,0.17640755818222048
9000,20,175,7500,0.17613845517172003
8000,20,175,6000,0.17610410280915514
8000,20,200,6000,0.17610410280915514
8000,20,225,6000,0.17610410280915514
8000,20,250,6000,0.17610410280915514
8500,20,175,8000,0.17595718392075924
8500,20,200,8000,0.17595718392075924
8500,20,225,8000,0.17595718392075924
8500,20,250,8000,0.17595718392075924
9000,20,175,8000,0.17583875219995998
8000,20,175,6500,0.17565292369131624
8000,20,200,6500,0.17565292369131624
8000,20,225,6500,0.17565292369131624
8000,20,250,6500,0.17565292369131624
8000,20,175,7000,0.17535260006549036
8000,20,200,7000,0.17535260006549036
8000,20,225,7000,0.17535260006549036
8000,20,250,7000,0.17535260006549036
8500,20,175,8500,0.17501391867139318
8500,20,200,8500,0.17501391867139318
8500,20,225,8500,0.17501391867139318
8500,20,250,8500,0.17501391867139318
8000,20,175,7500,0.17490280660099505
8000,20,200,7500,0.17490280660099505
8000,20,225,7500,0.17490280660099505
8000,20,250,7500,0.17490280660099505
9000,20,175,8500,0.17490001534810387
9000,25,200,6000,0.17489070438103602
9000,25,225,6000,0.17489070438103602
9000,25,250,6000,0.17489070438103602
8000,20,175,8000,0.17460340461604787
8000,20,200,8000,0.17460340461604787
8000,20,225,8000,0.17460340461604787
8000,20,250,8000,0.17460340461604787
9000,25,200,6500,0.17443694716759858
9000,25,225,6500,0.17443694716759858
9000,25,250,6500,0.17443694716759858
9000,25,200,7000,0.17413490665076686
9000,25,225,7000,0.17413490665076686
9000,25,250,7000,0.17413490665076686
8500,25,175,6000,0.17399309165253019
8500,25,200,6000,0.17399309165253019
8500,25,225,6000,0.17399309165253019
8500,25,250,6000,0.17399309165253019
9000,25,200,7500,0.1738332367700058
9000,25,225,7500,0.1738332367700058
9000,25,250,7500,0.1738332367700058
9000,20,200,9000,0.17378871480929559
9000,20,225,9000,0.17378871480929559
9000,20,250,9000,0.17378871480929559
8000,20,175,8500,0.17365737648841034
8000,20,200,8500,0.17365737648841034
8000,20,225,8500,0.17365737648841034
8000,20,250,8500,0.17365737648841034
8500,25,175,6500,0.173541377151362
8500,25,200,6500,0.173541377151362
8500,25,225,6500,0.173541377151362
8500,25,250,6500,0.173541377151362
9000,25,200,8000,0.1733814254005231
9000,25,225,8000,0.1733814254005231
9000,25,250,8000,0.1733814254005231
7500,20,150,6000,0.17326328010000813
7500,20,175,6000,0.17326328010000813
7500,20,200,6000,0.17326328010000813
7500,20,225,6000,0.17326328010000813
7500,20,250,6000,0.17326328010000813
8500,25,175,7000,0.17324070006534045
8500,25,200,7000,0.17324070006534045
8500,25,225,7000,0.17324070006534045
8500,25,250,7000,0.17324070006534045
7500,20,150,6500,0.17314045197002007
7500,20,175,6500,0.17314045197002007
7500,20,200,6500,0.17314045197002007
7500,20,225,6500,0.17314045197002007
7500,20,250,6500,0.17314045197002007
7500,20,150,7000,0.17284070615440636
7500,20,175,7000,0.17284070615440636
7500,20,200,7000,0.17284070615440636
7500,20,225,7000,0.17284070615440636
7500,20,250,7000,0.17284070615440636
8500,25,175,7500,0.17279038158002716
8500,25,200,7500,0.17279038158002716
8500,25,225,7500,0.17279038158002716
8500,25,250,7500,0.17279038158002716
8500,25,175,8000,0.17249063301383624
8500,25,200,8000,0.17249063301383624
8500,25,225,8000,0.17249063301383624
8500,25,250,8000,0.17249063301383624
9000,25,200,8500,0.17243452148946803
9000,25,225,8500,0.17243452148946803
9000,25,250,8500,0.17243452148946803
7500,20,150,7500,0.17239178441737776
7500,20,175,7500,0.17239178441737776
7500,20,200,7500,0.17239178441737776
7500,20,225,7500,0.17239178441737776
7500,20,250,7500,0.17239178441737776
9000,25,175,6000,0.17232603976946684
7500,20,150,8000,0.1720929669091592
7500,20,175,8000,0.1720929669091592
7500,20,200,8000,0.1720929669091592
7500,20,225,8000,0.1720929669091592
7500,20,250,8000,0.1720929669091592
9000,25,175,6500,0.17187548220614798
9000,25,175,7000,0.17157557429632486
8500,25,175,8500,0.1715406468706804
8500,25,200,8500,0.1715406468706804
8500,25,225,8500,0.1715406468706804
8500,25,250,8500,0.1715406468706804
8500,20,175,9000,0.1713552985376994
8500,20,200,9000,0.1713552985376994
8500,20,225,9000,0.1713552985376994
8500,20,250,9000,0.1713552985376994
9000,25,175,7500,0.17127603662415977
9000,20,175,9000,0.17126238736585858
8000,25,175,6500,0.17123644575238528
8000,25,200,6500,0.17123644575238528
8000,25,225,6500,0.17123644575238528
8000,25,250,6500,0.17123644575238528
7500,20,150,8500,0.1711423816008473
7500,20,175,8500,0.1711423816008473
7500,20,200,8500,0.1711423816008473
7500,20,225,8500,0.1711423816008473
7500,20,250,8500,0.1711423816008473
8000,25,175,6000,0.17103068917369876
8000,25,200,6000,0.17103068917369876
8000,25,225,6000,0.17103068917369876
8000,25,250,6000,0.17103068917369876
8000,25,175,7000,0.17093652929253653
8000,25,200,7000,0.17093652929253653
8000,25,225,7000,0.17093652929253653
8000,25,250,7000,0.17093652929253653
9000,25,175,8000,0.17082742281317995
8000,25,175,7500,0.17048735377481541
8000,25,200,7500,0.17048735377481541
8000,25,225,7500,0.17048735377481541
8000,25,250,7500,0.17048735377481541
9000,30,200,6000,0.17041308188921034
9000,30,225,6000,0.17041308188921034
9000,30,250,6000,0.17041308188921034
9000,30,200,6500,0.1702890782329244
9000,30,225,6500,0.1702890782329244
9000,30,250,6500,0.1702890782329244
8000,25,175,8000,0.17018836853082348
8000,25,200,8000,0.17018836853082348
8000,25,225,8000,0.17018836853082348
8000,25,250,8000,0.17018836853082348
7000,20,150,7000,0.17007518203894895
7000,20,175,7000,0.17007518203894895
7000,20,200,7000,0.17007518203894895
7000,20,225,7000,0.17007518203894895
7000,20,250,7000,0.17007518203894895
7000,20,150,6500,0.17004348332638053
7000,20,175,6500,0.17004348332638053
7000,20,200,6500,0.17004348332638053
7000,20,225,6500,0.17004348332638053
7000,20,250,6500,0.17004348332638053
9000,30,200,7000,0.16998791709016148
9000,30,225,7000,0.16998791709016148
9000,30,250,7000,0.16998791709016148
8000,20,175,9000,0.169982341491173
8000,20,200,9000,0.169982341491173
8000,20,225,9000,0.169982341491173
8000,20,250,9000,0.169982341491173
9000,25,175,8500,0.16987966303282295
7000,20,150,7500,0.16962821470253797
7000,20,175,7500,0.16962821470253797
7000,20,200,7500,0.16962821470253797
7000,20,225,7500,0.16962821470253797
7000,20,250,7500,0.16962821470253797
9000,30,200,7500,0.16953687786509494
9000,30,225,7500,0.16953687786509494
9000,30,250,7500,0.16953687786509494
7000,20,150,6000,0.16950038547601584
7000,20,175,6000,0.16950038547601584
7000,20,200,6000,0.16950038547601584
7000,20,225,6000,0.16950038547601584
7000,20,250,6000,0.16950038547601584
7000,20,150,8000,0.1693307030505779
7000,20,175,8000,0.1693307030505779
7000,20,200,8000,0.1693307030505779
7000,20,225,8000,0.1693307030505779
7000,20,250,8000,0.1693307030505779
9000,30,200,8000,0.16923665235547936
9000,30,225,8000,0.16923665235547936
9000,30,250,8000,0.16923665235547936
8000,25,175,8500,0.1692362136632742
8000,25,200,8500,0.1692362136632742
8000,25,225,8500,0.1692362136632742
8000,25,250,8500,0.1692362136632742
9000,25,200,9000,0.168761147046495
9000,25,225,9000,0.168761147046495
9000,25,250,9000,0.168761147046495
7000,20,150,8500,0.1683754534280661
7000,20,175,8500,0.1683754534280661
7000,20,200,8500,0.1683754534280661
7000,20,225,8500,0.1683754534280661
7000,20,250,8500,0.1683754534280661
9000,30,200,8500,0.16828277863344204
9000,30,225,8500,0.16828277863344204
9000,30,250,8500,0.16828277863344204
8500,30,175,6500,0.16808498274078632
8500,30,200,6500,0.16808498274078632
8500,30,225,6500,0.16808498274078632
8500,30,250,6500,0.16808498274078632
7500,25,150,7000,0.16802484736776155
7500,25,175,7000,0.16802484736776155
7500,25,200,7000,0.16802484736776155
7500,25,225,7000,0.16802484736776155
7500,25,250,7000,0.16802484736776155
7500,25,150,6500,0.16799322923444465
7500,25,175,6500,0.16799322923444465
7500,25,200,6500,0.16799322923444465
7500,25,225,6500,0.16799322923444465
7500,25,250,6500,0.16799322923444465
8500,30,175,6000,0.16787495058513094
8500,30,200,6000,0.16787495058513094
8500,30,225,6000,0.16787495058513094
8500,30,250,6000,0.16787495058513094
8500,25,175,9000,0.16784711568277833
8500,25,200,9000,0.16784711568277833
8500,25,225,9000,0.16784711568277833
8500,25,250,9000,0.16784711568277833
9000,30,175,6000,0.1678117998506348
6500,20,150,7000,0.1678048768539404
6500,20,175,7000,0.1678048768539404
6500,20,200,7000,0.1678048768539404
6500,20,225,7000,0.1678048768539404
6500,20,250,7000,0.1678048768539404
8500,30,175,7000,0.16778465162364373
8500,30,200,7000,0.16778465162364373
8500,30,225,7000,0.16778465162364373
8500,30,250,7000,0.16778465162364373
9000,30,175,6500,0.16769268653041122
7500,25,150,7500,0.1675769856091488
7500,25,175,7500,0.1675769856091488
7500,25,200,7500,0.1675769856091488
7500,25,225,7500,0.1675769856091488
7500,25,250,7500,0.1675769856091488
8500,30,175,7500,0.1674846971780371
8500,30,200,7500,0.1674846971780371
8500,30,225,7500,0.1674846971780371
8500,30,250,7500,0.1674846971780371
7500,25,150,6000,0.16744947658006362
7500,25,175,6000,0.16744947658006362
7500,25,200,6000,0.16744947658006362
7500,25,225,6000,0.16744947658006362
7500,25,250,6000,0.16744947658006362
7500,20,150,9000,0.16744260016055787
7500,20,175,9000,0.16744260016055787
7500,20,200,9000,0.16744260016055787
7500,20,225,9000,0.16744260016055787
7500,20,250,9000,0.16744260016055787
6500,20,150,6500,0.1674402970871508
6500,20,175,6500,0.1674402970871508
6500,20,200,6500,0.1674402970871508
6500,20,225,6500,0.1674402970871508
6500,20,250,6500,0.1674402970871508
9000,30,175,7000,0.16739375228379458
6500,20,150,7500,0.16735802012610768
6500,20,175,7500,0.16735802012610768
6500,20,200,7500,0.16735802012610768
6500,20,225,7500,0.16735802012610768
6500,20,250,7500,0.16735802012610768
7500,25,150,8000,0.1672788794592589
7500,25,175,8000,0.1672788794592589
7500,25,200,8000,0.1672788794592589
7500,25,225,8000,0.1672788794592589
7500,25,250,8000,0.1672788794592589
6500,20,150,8000,0.16706058433868842
6500,20,175,8000,0.16706058433868842
6500,20,200,8000,0.16706058433868842
6500,20,225,8000,0.16706058433868842
6500,20,250,8000,0.16706058433868842
8500,30,175,8000,0.1670354702200965
8500,30,200,8000,0.1670354702200965
8500,30,225,8000,0.1670354702200965
8500,30,250,8000,0.1670354702200965
9000,30,175,7500,0.1669460524649278
6500,20,150,6000,0.16689282809220524
6500,20,175,6000,0.16689282809220524
6500,20,200,6000,0.16689282809220524
6500,20,225,6000,0.16689282809220524
6500,20,250,6000,0.16689282809220524
9000,30,175,8000,0.16664805259591828
7500,25,150,8500,0.1663220115062217
7500,25,175,8500,0.1663220115062217
7500,25,200,8500,0.1663220115062217
7500,25,225,8500,0.1663220115062217
7500,25,250,8500,0.1663220115062217
9000,25,175,9000,0.16619457444370683
6500,20,150,8500,0.16610270179132045
6500,20,175,8500,0.16610270179132045
6500,20,200,8500,0.16610270179132045
6500,20,225,8500,0.16610270179132045
6500,20,250,8500,0.16610270179132045
8500,30,175,8500,0.16607805114118526
8500,30,200,8500,0.16607805114118526
8500,30,225,8500,0.16607805114118526
8500,30,250,8500,0.16607805114118526
9000,30,175,8500,0.16569332748089902
8000,25,175,9000,0.16552921893957695
8000,25,200,9000,0.16552921893957695
8000,25,225,9000,0.16552921893957695
8000,25,250,9000,0.16552921893957695
8000,30,175,7000,0.16534476569073034
8000,30,200,7000,0.16534476569073034
8000,30,225,7000,0.16534476569073034
8000,30,250,7000,0.16534476569073034
8000,30,175,6500,0.16531121264168958
8000,30,200,6500,0.16531121264168958
8000,30,225,6500,0.16531121264168958
8000,30,250,6500,0.16531121264168958
8000,30,175,7500,0.16489673347172643
8000,30,200,7500,0.16489673347172643
8000,30,225,7500,0.16489673347172643
8000,30,250,7500,0.16489673347172643
9000,35,200,6500,0.16487445020950592
9000,35,225,6500,0.16487445020950592
9000,35,250,6500,0.16487445020950592
7000,25,150,7000,0.16478320758799733
7000,25,175,7000,0.16478320758799733
7000,25,200,7000,0.16478320758799733
7000,25,225,7000,0.16478320758799733
7000,25,250,7000,0.16478320758799733
8000,30,175,6000,0.16476147165715677
8000,30,200,6000,0.16476147165715677
8000,30,225,6000,0.16476147165715677
8000,30,250,6000,0.16476147165715677
7000,25,150,7500,0.16466984996158426
7000,25,175,7500,0.16466984996158426
7000,25,200,7500,0.16466984996158426
7000,25,225,7500,0.16466984996158426
7000,25,250,7500,0.16466984996158426
7000,20,150,9000,0.16464786440830112
7000,20,175,9000,0.16464786440830112
7000,20,200,9000,0.16464786440830112
7000,20,225,9000,0.16464786440830112
7000,20,250,9000,0.16464786440830112
8000,30,175,8000,0.16459851716538487
8000,30,200,8000,0.16459851716538487
8000,30,225,8000,0.16459851716538487
8000,30,250,8000,0.16459851716538487
6000,20,150,7500,0.16458954329100534
6000,20,175,7500,0.16458954329100534
6000,20,200,7500,0.16458954329100534
6000,20,225,7500,0.16458954329100534
6000,20,250,7500,0.16458954329100534
9000,35,200,7000,0.16457492527938605
9000,35,225,7000,0.16457492527938605
9000,35,250,7000,0.16457492527938605
9000,30,200,9000,0.16457157671587905
9000,30,225,9000,0.16457157671587905
9000,30,250,9000,0.16457157671587905
7000,25,150,6500,0.1644146538350381
7000,25,175,6500,0.1644146538350381
7000,25,200,6500,0.1644146538350381
7000,25,225,6500,0.1644146538350381
7000,25,250,6500,0.1644146538350381
7000,25,150,8000,0.16437271416370952
7000,25,175,8000,0.16437271416370952
7000,25,200,8000,0.16437271416370952
7000,25,225,8000,0.16437271416370952
7000,25,250,8000,0.16437271416370952
6000,20,150,7000,0.16436702960409044
6000,20,175,7000,0.16436702960409044
6000,20,200,7000,0.16436702960409044
6000,20,225,7000,0.16436702960409044
6000,20,250,7000,0.16436702960409044
9000,35,200,6000,0.16432630821928873
9000,35,225,6000,0.16432630821928873
9000,35,250,6000,0.16432630821928873
6000,20,150,8000,0.1642931675233118
6000,20,175,8000,0.1642931675233118
6000,20,200,8000,0.1642931675233118
6000,20,225,8000,0.1642931675233118
6000,20,250,8000,0.1642931675233118
9000,35,200,7500,0.1642757788808379
9000,35,225,7500,0.1642757788808379
9000,35,250,7500,0.1642757788808379
6000,20,150,6500,0.1639958572639111
6000,20,175,6500,0.1639958572639111
6000,20,200,6500,0.1639958572639111
6000,20,225,6500,0.1639958572639111
6000,20,250,6500,0.1639958572639111
7000,25,150,6000,0.16386121293663902
7000,25,175,6000,0.16386121293663902
7000,25,200,6000,0.16386121293663902
7000,25,225,6000,0.16386121293663902
7000,25,250,6000,0.16386121293663902
9000,35,200,8000,0.16382776746152145
9000,35,225,8000,0.16382776746152145
9000,35,250,8000,0.16382776746152145
8000,30,175,8500,0.16363746480396207
8000,30,200,8500,0.16363746480396207
8000,30,225,8500,0.16363746480396207
8000,30,250,8500,0.16363746480396207
6000,20,150,6000,0.1634384800874767
6000,20,175,6000,0.1634384800874767
6000,20,200,6000,0.1634384800874767
6000,20,225,6000,0.1634384800874767
6000,20,250,6000,0.1634384800874767
7000,25,150,8500,0.16341158863911742
7000,25,175,8500,0.16341158863911742
7000,25,200,8500,0.16341158863911742
7000,25,225,8500,0.16341158863911742
7000,25,250,8500,0.16341158863911742
6000,20,150,8500,0.16333106587048615
6000,20,175,8500,0.16333106587048615
6000,20,200,8500,0.16333106587048615
6000,20,225,8500,0.16333106587048615
6000,20,250,8500,0.16333106587048615
6500,25,150,7500,0.1631533767802202
6500,25,175,7500,0.1631533767802202
6500,25,200,7500,0.1631533767802202
6500,25,225,7500,0.1631533767802202
6500,25,250,7500,0.1631533767802202
6500,25,150,7000,0.16293012011565616
6500,25,175,7000,0.16293012011565616
6500,25,200,7000,0.16293012011565616
6500,25,225,7000,0.16293012011565616
6500,25,250,7000,0.16293012011565616
9000,35,200,8500,0.16286694034131355
9000,35,225,8500,0.16286694034131355
9000,35,250,8500,0.16286694034131355
6500,25,150,8000,0.162856729500065
6500,25,175,8000,0.162856729500065
6500,25,200,8000,0.162856729500065
6500,25,225,8000,0.162856729500065
6500,25,250,8000,0.162856729500065
7500,30,150,7000,0.16273125103772915
7500,30,175,7000,0.16273125103772915
7500,30,200,7000,0.16273125103772915
7500,30,225,7000,0.16273125103772915
7500,30,250,7000,0.16273125103772915
7500,30,150,7500,0.16261829276343975
7500,30,175,7500,0.16261829276343975
7500,30,200,7500,0.16261829276343975
7500,30,225,7500,0.16261829276343975
7500,30,250,7500,0.16261829276343975
7500,25,150,9000,0.1625884663363076
7500,25,175,9000,0.1625884663363076
7500,25,200,9000,0.1625884663363076
7500,25,225,9000,0.1625884663363076
7500,25,250,9000,0.1625884663363076
6500,25,150,6500,0.16255806763436273
6500,25,175,6500,0.16255806763436273
6500,25,200,6500,0.16255806763436273
6500,25,225,6500,0.16255806763436273
6500,25,250,6500,0.16255806763436273
8500,35,175,7000,0.16247121827542496
8500,35,200,7000,0.16247121827542496
8500,35,225,7000,0.16247121827542496
8500,35,250,7000,0.16247121827542496
8500,35,175,6500,0.16243685194340068
8500,35,200,6500,0.16243685194340068
8500,35,225,6500,0.16243685194340068
8500,35,250,6500,0.16243685194340068
6500,20,150,9000,0.16236174711218326
6500,20,175,9000,0.16236174711218326
6500,20,200,9000,0.16236174711218326
6500,20,225,9000,0.16236174711218326
6500,20,250,9000,0.16236174711218326
7500,30,150,6500,0.162360766728352
7500,30,175,6500,0.162360766728352
7500,30,200,6500,0.162360766728352
7500,30,225,6500,0.162360766728352
7500,30,250,6500,0.162360766728352
8500,30,175,9000,0.16234626869814422
8500,30,200,9000,0.16234626869814422
8500,30,225,9000,0.16234626869814422
8500,30,250,9000,0.16234626869814422
7500,30,150,8000,0.16232059431292392
7500,30,175,8000,0.16232059431292392
7500,30,200,8000,0.16232059431292392
7500,30,225,8000,0.16232059431292392
7500,30,250,8000,0.16232059431292392
9000,35,175,6500,0.1622359468411647
8500,35,175,7500,0.16202233651203643
8500,35,200,7500,0.16202233651203643
8500,35,225,7500,0.16202233651203643
8500,35,250,7500,0.16202233651203643
6500,25,150,6000,0.1619993683755307
6500,25,175,6000,0.1619993683755307
6500,25,200,6000,0.1619993683755307
6500,25,225,6000,0.1619993683755307
6500,25,250,6000,0.1619993683755307
9000,30,175,9000,0.16197010536633177
9000,35,175,7000,0.16193876272919192
6500,25,150,8500,0.16189321183456037
6500,25,175,8500,0.16189321183456037
6500,25,200,8500,0.16189321183456037
6500,25,225,8500,0.16189321183456037
6500,25,250,8500,0.16189321183456037
8500,35,175,6000,0.1618838136568423
8500,35,200,6000,0.1618838136568423
8500,35,225,6000,0.1618838136568423
8500,35,250,6000,0.1618838136568423
5500,20,150,8000,0.16182405437571432
5500,20,175,8000,0.16182405437571432
5500,20,200,8000,0.16182405437571432
5500,20,225,8000,0.16182405437571432
5500,20,250,8000,0.16182405437571432
7500,30,150,6000,0.16180442509537618
7500,30,175,6000,0.16180442509537618
7500,30,200,6000,0.16180442509537618
7500,30,225,6000,0.16180442509537618
7500,30,250,6000,0.16180442509537618
5500,20,150,7500,0.1617826144156847
5500,20,175,7500,0.1617826144156847
5500,20,200,7500,0.1617826144156847
5500,20,225,7500,0.1617826144156847
5500,20,250,7500,0.1617826144156847
8500,35,175,8000,0.16172355698385152
8500,35,200,8000,0.16172355698385152
8500,35,225,8000,0.16172355698385152
8500,35,250,8000,0.16172355698385152
9000,35,175,6000,0.1616794879178678
9000,35,175,7500,0.1616419565173913
8000,20,150,6000,0.16153379836565118
7500,30,150,8500,0.16135642745272621
7500,30,175,8500,0.16135642745272621
7500,30,200,8500,0.16135642745272621
7500,30,225,8500,0.16135642745272621
7500,30,250,8500,0.16135642745272621
5500,20,150,7000,0.16121529635549495
5500,20,175,7000,0.16121529635549495
5500,20,200,7000,0.16121529635549495
5500,20,225,7000,0.16121529635549495
5500,20,250,7000,0.16121529635549495
9000,35,175,8000,0.16119745418724718
8000,20,150,6500,0.16109899391861393
8000,35,175,7000,0.16102346116698935
8000,35,200,7000,0.16102346116698935
8000,35,225,7000,0.16102346116698935
8000,35,250,7000,0.16102346116698935
8000,35,175,7500,0.1609120109543549
8000,35,200,7500,0.1609120109543549
8000,35,225,7500,0.1609120109543549
8000,35,250,7500,0.1609120109543549
5500,20,150,8500,0.16085733535455615
5500,20,175,8500,0.16085733535455615
5500,20,200,8500,0.16085733535455615
5500,20,225,8500,0.16085733535455615
5500,20,250,8500,0.16085733535455615
5500,20,150,6500,0.16083665749017384
5500,20,175,6500,0.16083665749017384
5500,20,200,6500,0.16083665749017384
5500,20,225,6500,0.16083665749017384
5500,20,250,6500,0.16083665749017384
8000,20,150,7000,0.16080958395035325
8500,35,175,8500,0.16075919911206762
8500,35,200,8500,0.16075919911206762
8500,35,225,8500,0.16075919911206762
8500,35,250,8500,0.16075919911206762
8000,35,175,6500,0.1606499874533276
8000,35,200,6500,0.1606499874533276
8000,35,225,6500,0.1606499874533276
8000,35,250,6500,0.1606499874533276
8000,35,175,8000,0.1606143294909415
8000,35,200,8000,0.1606143294909415
8000,35,225,8000,0.1606143294909415
8000,35,250,8000,0.1606143294909415
8000,20,150,7500,0.1603761567448768
6000,25,150,8000,0.1602709213230324
6000,25,175,8000,0.1602709213230324
6000,25,200,8000,0.1602709213230324
6000,25,225,8000,0.1602709213230324
6000,25,250,8000,0.1602709213230324
5500,20,150,6000,0.16026805779756878
5500,20,175,6000,0.16026805779756878
5500,20,200,6000,0.16026805779756878
5500,20,225,6000,0.16026805779756878
5500,20,250,6000,0.16026805779756878
9000,35,175,8500,0.16023578548111617
6000,25,150,7500,0.16022945809093392
6000,25,175,7500,0.16022945809093392
6000,25,200,7500,0.16022945809093392
6000,25,225,7500,0.16022945809093392
6000,25,250,7500,0.16022945809093392
8000,35,175,6000,0.16008915301640034
8000,35,200,6000,0.16008915301640034
8000,35,225,6000,0.16008915301640034
8000,35,250,6000,0.16008915301640034
8000,20,150,8000,0.16008766275622016
7000,30,150,7500,0.15999383827174934
7000,30,175,7500,0.15999383827174934
7000,30,200,7500,0.15999383827174934
7000,30,225,7500,0.15999383827174934
7000,30,250,7500,0.15999383827174934
8000,30,175,9000,0.1598834754008224
8000,30,200,9000,0.1598834754008224
8000,30,225,9000,0.1598834754008224
8000,30,250,9000,0.1598834754008224
7000,30,150,8000,0.15969735671767735
7000,30,175,8000,0.15969735671767735
7000,30,200,8000,0.15969735671767735
7000,30,225,8000,0.15969735671767735
7000,30,250,8000,0.15969735671767735
6000,25,150,7000,0.15966160405084973
6000,25,175,7000,0.15966160405084973
6000,25,200,7000,0.15966160405084973
6000,25,225,7000,0.15966160405084973
6000,25,250,7000,0.15966160405084973
7000,25,150,9000,0.1596534459085803
7000,25,175,9000,0.1596534459085803
7000,25,200,9000,0.1596534459085803
7000,25,225,9000,0.1596534459085803
7000,25,250,9000,0.1596534459085803
8000,35,175,8500,0.15964722441094537
8000,35,200,8500,0.15964722441094537
8000,35,225,8500,0.15964722441094537
8000,35,250,8500,0.15964722441094537
5000,20,150,8000,0.15959662107627243
5000,20,175,8000,0.15959662107627243
5000,20,200,8000,0.15959662107627243
5000,20,225,8000,0.15959662107627243
5000,20,250,8000,0.15959662107627243
6000,20,150,9000,0.15956538901740608
6000,20,175,9000,0.15956538901740608
6000,20,200,9000,0.15956538901740608
6000,20,225,9000,0.15956538901740608
6000,20,250,9000,0.15956538901740608
7000,30,150,7000,0.15942914315809606
7000,30,175,7000,0.15942914315809606
7000,30,200,7000,0.15942914315809606
7000,30,225,7000,0.15942914315809606
7000,30,250,7000,0.15942914315809606
6000,25,150,8500,0.1593032268592176
6000,25,175,8500,0.1593032268592176
6000,25,200,8500,0.1593032268592176
6000,25,225,8500,0.1593032268592176
6000,25,250,8500,0.1593032268592176
6000,25,150,6500,0.1592826078498031
6000,25,175,6500,0.1592826078498031
6000,25,200,6500,0.1592826078498031
6000,25,225,6500,0.1592826078498031
6000,25,250,6500,0.1592826078498031
9000,40,200,7000,0.15925656196711377
9000,40,225,7000,0.15925656196711377
9000,40,250,7000,0.15925656196711377
5000,20,150,7500,0.15921031201914262
5000,20,175,7500,0.15921031201914262
5000,20,200,7500,0.15921031201914262
5000,20,225,7500,0.15921031201914262
5000,20,250,7500,0.15921031201914262
8000,20,150,8500,0.15913690749337028
9000,35,200,9000,0.1591153613443795
9000,35,225,9000,0.1591153613443795
9000,35,250,9000,0.1591153613443795
7000,30,150,6500,0.15905225776327006
7000,30,175,6500,0.15905225776327006
7000,30,200,6500,0.15905225776327006
7000,30,225,6500,0.15905225776327006
7000,30,250,6500,0.15905225776327006
5000,20,150,8500,0.15896454996861886
5000,20,175,8500,0.15896454996861886
5000,20,200,8500,0.15896454996861886
5000,20,225,8500,0.15896454996861886
5000,20,250,8500,0.15896454996861886
8500,20,150,6000,0.15895603134529
9000,40,200,6500,0.15888075472371088
9000,40,225,6500,0.15888075472371088
9000,40,250,6500,0.15888075472371088
9000,40,200,7500,0.15881029291717103
9000,40,225,7500,0.15881029291717103
9000,40,250,7500,0.15881029291717103
7000,30,150,8500,0.1587294805294686
7000,30,175,8500,0.1587294805294686
7000,30,200,8500,0.1587294805294686
7000,30,225,8500,0.1587294805294686
7000,30,250,8500,0.1587294805294686
6000,25,150,6000,0.15871347213092302
6000,25,175,6000,0.15871347213092302
6000,25,200,6000,0.15871347213092302
6000,25,225,6000,0.15871347213092302
6000,25,250,6000,0.15871347213092302
5000,20,150,7000,0.1586301820674771
5000,20,175,7000,0.1586301820674771
5000,20,200,7000,0.1586301820674771
5000,20,225,7000,0.1586301820674771
5000,20,250,7000,0.1586301820674771
8500,20,150,6500,0.15852420173756068
9000,40,200,8000,0.15851325718432374
9000,40,225,8000,0.15851325718432374
9000,40,250,8000,0.15851325718432374
7000,30,150,6000,0.158486295556451
7000,30,175,6000,0.158486295556451
7000,30,200,6000,0.158486295556451
7000,30,225,6000,0.158486295556451
7000,30,250,6000,0.158486295556451
7500,35,150,7500,0.15834951550274215
7500,35,175,7500,0.15834951550274215
7500,35,200,7500,0.15834951550274215
7500,35,225,7500,0.15834951550274215
7500,35,250,7500,0.15834951550274215
9000,40,200,6000,0.15831641349756756
9000,40,225,6000,0.15831641349756756
9000,40,250,6000,0.15831641349756756
5000,20,150,6500,0.15824298380684274
5000,20,175,6500,0.15824298380684274
5000,20,200,6500,0.15824298380684274
5000,20,225,6500,0.15824298380684274
5000,20,250,6500,0.15824298380684274
8500,20,150,7000,0.15823677258139415
6500,30,150,8000,0.1582330288220768
6500,30,175,8000,0.1582330288220768
6500,30,200,8000,0.1582330288220768
6500,30,225,8000,0.1582330288220768
6500,30,250,8000,0.1582330288220768
6500,30,150,7500,0.1581910409928938
6500,30,175,7500,0.1581910409928938
6500,30,200,7500,0.1581910409928938
6500,30,225,7500,0.1581910409928938
6500,30,250,7500,0.1581910409928938
5500,25,150,8000,0.1581786198132423
5500,25,175,8000,0.1581786198132423
5500,25,200,8000,0.1581786198132423
5500,25,225,8000,0.1581786198132423
5500,25,250,8000,0.1581786198132423
6500,25,150,9000,0.15812144660276303
6500,25,175,9000,0.15812144660276303
6500,25,200,9000,0.15812144660276303
6500,25,225,9000,0.15812144660276303
6500,25,250,9000,0.15812144660276303
7500,35,150,8000,0.15805312067240934
7500,35,175,8000,0.15805312067240934
7500,35,200,8000,0.15805312067240934
7500,35,225,8000,0.15805312067240934
7500,35,250,8000,0.15805312067240934
8500,20,150,7500,0.15794970841153652
5500,25,150,7500,0.1577940089528801
5500,25,175,7500,0.1577940089528801
5500,25,200,7500,0.1577940089528801
5500,25,225,7500,0.1577940089528801
5500,25,250,7500,0.1577940089528801
7500,35,150,7000,0.1577801474198775
7500,35,175,7000,0.1577801474198775
7500,35,200,7000,0.1577801474198775
7500,35,225,7000,0.1577801474198775
7500,35,250,7000,0.1577801474198775
9000,20,150,6000,0.1576680381991024
5000,20,150,6000,0.15766151774713463
5000,20,175,6000,0.15766151774713463
5000,20,200,6000,0.15766151774713463
5000,20,225,6000,0.15766151774713463
5000,20,250,6000,0.15766151774713463
6500,30,150,7000,0.1576208458039184
6500,30,175,7000,0.1576208458039184
6500,30,200,7000,0.1576208458039184
6500,30,225,7000,0.1576208458039184
6500,30,250,7000,0.1576208458039184
7500,30,150,9000,0.15758512107195297
7500,30,175,9000,0.15758512107195297
7500,30,200,9000,0.15758512107195297
7500,30,225,9000,0.15758512107195297
7500,30,250,9000,0.15758512107195297
9000,40,200,8500,0.1575450079016581
9000,40,225,8500,0.1575450079016581
9000,40,250,8500,0.1575450079016581
8500,20,150,8000,0.157519794986763
7500,35,150,6500,0.15740014053622714
7500,35,175,6500,0.15740014053622714
7500,35,200,6500,0.15740014053622714
7500,35,225,6500,0.15740014053622714
7500,35,250,6500,0.15740014053622714
6500,30,150,8500,0.15726276430816377
6500,30,175,8500,0.15726276430816377
6500,30,200,8500,0.15726276430816377
6500,30,225,8500,0.15726276430816377
6500,30,250,8500,0.15726276430816377
6500,30,150,6500,0.15724028635192486
6500,30,175,6500,0.15724028635192486
6500,30,200,6500,0.15724028635192486
6500,30,225,6500,0.15724028635192486
6500,30,250,6500,0.15724028635192486
9000,20,150,6500,0.15723753691144632
5500,25,150,7000,0.1572164332574896
5500,25,175,7000,0.1572164332574896
5500,25,200,7000,0.1572164332574896
5500,25,225,7000,0.1572164332574896
5500,25,250,7000,0.1572164332574896
5500,25,150,8500,0.15720688764434615
5500,25,175,8500,0.15720688764434615
5500,25,200,8500,0.15720688764434615
5500,25,225,8500,0.15720688764434615
5500,25,250,8500,0.15720688764434615
8500,40,175,7000,0.15711268462453637
8500,40,200,7000,0.15711268462453637
8500,40,225,7000,0.15711268462453637
8500,40,250,7000,0.15711268462453637
7500,35,150,8500,0.15708231664089867
7500,35,175,8500,0.15708231664089867
7500,35,200,8500,0.15708231664089867
7500,35,225,8500,0.15708231664089867
7500,35,250,8500,0.15708231664089867
5500,20,150,9000,0.15706414018838755
5500,20,175,9000,0.15706414018838755
5500,20,200,9000,0.15706414018838755
5500,20,225,9000,0.15706414018838755
5500,20,250,9000,0.15706414018838755
8500,40,175,7500,0.15700462098153603
8500,40,200,7500,0.15700462098153603
8500,40,225,7500,0.15700462098153603
8500,40,250,7500,0.15700462098153603
8500,35,175,9000,0.15699074238945138
8500,35,200,9000,0.15699074238945138
8500,35,225,9000,0.15699074238945138
8500,35,250,9000,0.15699074238945138
9000,20,150,7000,0.1569509896134961
5500,25,150,6500,0.15683094248690077
5500,25,175,6500,0.15683094248690077
5500,25,200,6500,0.15683094248690077
5500,25,225,6500,0.15683094248690077
5500,25,250,6500,0.15683094248690077
7500,35,150,6000,0.1568294868082445
7500,35,175,6000,0.1568294868082445
7500,35,200,6000,0.1568294868082445
7500,35,225,6000,0.1568294868082445
7500,35,250,6000,0.1568294868082445
8500,40,175,6500,0.1567337446068278
8500,40,200,6500,0.1567337446068278
8500,40,225,6500,0.1567337446068278
8500,40,250,6500,0.1567337446068278
8500,40,175,8000,0.15670759838372073
8500,40,200,8000,0.15670759838372073
8500,40,225,8000,0.15670759838372073
8500,40,250,8000,0.15670759838372073
6500,30,150,6000,0.1566688020203976
6500,30,175,6000,0.1566688020203976
6500,30,200,6000,0.1566688020203976
6500,30,225,6000,0.1566688020203976
6500,30,250,6000,0.1566688020203976
9000,40,175,7000,0.1565804499348594
8500,20,150,8500,0.15657056186053936
8000,25,150,6500,0.15652826885971746
9000,20,150,7500,0.15652184728865404
9000,35,175,9000,0.1564718385526378
8000,25,150,6000,0.1562893155025395
5500,25,150,6000,0.15625204466131185
5500,25,175,6000,0.15625204466131185
5500,25,200,6000,0.15625204466131185
5500,25,225,6000,0.15625204466131185
5500,25,250,6000,0.15625204466131185
8000,25,150,7000,0.1562397176729176
9000,20,150,8000,0.15623620382076725
9000,40,175,6500,0.15619887553678882
8500,40,175,6000,0.15616469529357618
8500,40,200,6000,0.15616469529357618
8500,40,225,6000,0.15616469529357618
8500,40,250,6000,0.15616469529357618
9000,40,175,7500,0.156137870196357
8000,35,175,9000,0.15586123014197004
8000,35,200,9000,0.15586123014197004
8000,35,225,9000,0.15586123014197004
8000,35,250,9000,0.15586123014197004
9000,40,175,8000,0.15584329303237013
8000,25,150,7500,0.1558075849167179
6000,30,150,8000,0.15575450456533374
6000,30,175,8000,0.15575450456533374
6000,30,200,8000,0.15575450456533374
6000,30,225,8000,0.15575450456533374
6000,30,250,8000,0.15575450456533374
8500,40,175,8500,0.15573637396674242
8500,40,200,8500,0.15573637396674242
8500,40,225,8500,0.15573637396674242
8500,40,250,8500,0.15573637396674242
9000,40,175,6000,0.1556258661397766
8000,25,150,8000,0.1555199580572615
6000,25,150,9000,0.15550628120704812
6000,25,175,9000,0.15550628120704812
6000,25,200,9000,0.15550628120704812
6000,25,225,9000,0.15550628120704812
6000,25,250,9000,0.15550628120704812
8000,40,175,7500,0.15542354288498023
8000,40,200,7500,0.15542354288498023
8000,40,225,7500,0.15542354288498023
8000,40,250,7500,0.15542354288498023
5000,25,150,8000,0.15540678846789727
5000,25,175,8000,0.15540678846789727
5000,25,200,8000,0.15540678846789727
5000,25,225,8000,0.15540678846789727
5000,25,250,8000,0.15540678846789727
8000,20,150,9000,0.15540022033352158
6000,30,150,7500,0.15536682358573828
6000,30,175,7500,0.15536682358573828
6000,30,200,7500,0.15536682358573828
6000,30,225,7500,0.15536682358573828
6000,30,250,7500,0.15536682358573828
7000,35,150,8000,0.15532010731284748
7000,35,175,8000,0.15532010731284748
7000,35,200,8000,0.15532010731284748
7000,35,225,8000,0.15532010731284748
7000,35,250,8000,0.15532010731284748
9000,20,150,8500,0.1552911792244756
8500,25,150,6000,0.15527035853913382
5000,20,150,9000,0.15514089926781188
5000,20,175,9000,0.15514089926781188
5000,20,200,9000,0.15514089926781188
5000,20,225,9000,0.15514089926781188
5000,20,250,9000,0.15514089926781188
8000,40,175,8000,0.15512749504342735
8000,40,200,8000,0.15512749504342735
8000,40,225,8000,0.15512749504342735
8000,40,250,8000,0.15512749504342735
6000,30,150,8500,0.15512041469933743
6000,30,175,8500,0.15512041469933743
6000,30,200,8500,0.15512041469933743
6000,30,225,8500,0.15512041469933743
6000,30,250,8500,0.15512041469933743
5000,25,150,8500,0.15511508936501534
5000,25,175,8500,0.15511508936501534
5000,25,200,8500,0.15511508936501534
5000,25,225,8500,0.15511508936501534
5000,25,250,8500,0.15511508936501534
5000,25,150,7500,0.1550140493032526
5000,25,175,7500,0.1550140493032526
5000,25,200,7500,0.1550140493032526
5000,25,225,7500,0.1550140493032526
5000,25,250,7500,0.1550140493032526
7000,30,150,9000,0.15493544356518119
7000,30,175,9000,0.15493544356518119
7000,30,200,9000,0.15493544356518119
7000,30,225,9000,0.15493544356518119
7000,30,250,9000,0.15493544356518119
7000,35,150,7500,0.1549343765274859
7000,35,175,7500,0.1549343765274859
7000,35,200,7500,0.1549343765274859
7000,35,225,7500,0.1549343765274859
7000,35,250,7500,0.1549343765274859
9000,40,175,8500,0.15487421270199608
8000,40,175,7000,0.15484810595160914
8000,40,200,7000,0.15484810595160914
8000,40,225,7000,0.15484810595160914
8000,40,250,7000,0.15484810595160914
8500,25,150,6500,0.15483996117048476
6000,30,150,7000,0.1547846340636018
6000,30,175,7000,0.1547846340636018
6000,30,200,7000,0.1547846340636018
6000,30,225,7000,0.1547846340636018
6000,30,250,7000,0.1547846340636018
8000,25,150,8500,0.15456313222573292
8500,25,150,7000,0.15455349133450108
8000,40,175,6500,0.15446404550520781
8000,40,200,6500,0.15446404550520781
8000,40,225,6500,0.15446404550520781
8000,40,250,6500,0.15446404550520781
5000,25,150,7000,0.154424255233559
5000,25,175,7000,0.154424255233559
5000,25,200,7000,0.154424255233559
5000,25,225,7000,0.154424255233559
5000,25,250,7000,0.154424255233559
6000,30,150,6500,0.1543960616303899
6000,30,175,6500,0.1543960616303899
6000,30,200,6500,0.1543960616303899
6000,30,225,6500,0.1543960616303899
6000,30,250,6500,0.1543960616303899
7000,35,150,7000,0.154355119343593
7000,35,175,7000,0.154355119343593
7000,35,200,7000,0.154355119343593
7000,35,225,7000,0.154355119343593
7000,35,250,7000,0.154355119343593
7000,35,150,8500,0.15434554212679297
7000,35,175,8500,0.15434554212679297
7000,35,200,8500,0.15434554212679297
7000,35,225,8500,0.15434554212679297
7000,35,250,8500,0.15434554212679297
8000,40,175,8500,0.15415335674411024
8000,40,200,8500,0.15415335674411024
8000,40,225,8500,0.15415335674411024
8000,40,250,8500,0.15415335674411024
8500,25,150,7500,0.15412447741358096
5000,25,150,6500,0.15403060156083206
5000,25,175,6500,0.15403060156083206
5000,25,200,6500,0.15403060156083206
5000,25,225,6500,0.15403060156083206
5000,25,250,6500,0.15403060156083206
7000,35,150,6500,0.1539685065119655
7000,35,175,6500,0.1539685065119655
7000,35,200,6500,0.1539685065119655
7000,35,225,6500,0.1539685065119655
7000,35,250,6500,0.1539685065119655
8000,40,175,6000,0.15388729991026082
8000,40,200,6000,0.15388729991026082
8000,40,225,6000,0.15388729991026082
8000,40,250,6000,0.15388729991026082
5500,30,150,8000,0.15388366732997186
5500,30,175,8000,0.15388366732997186
5500,30,200,8000,0.15388366732997186
5500,30,225,8000,0.15388366732997186
5500,30,250,8000,0.15388366732997186
8500,25,150,8000,0.15383892765240023
6000,30,150,6000,0.1538125326215644
6000,30,175,6000,0.1538125326215644
6000,30,200,6000,0.1538125326215644
6000,30,225,6000,0.1538125326215644
6000,30,250,6000,0.1538125326215644
9000,40,200,9000,0.153751072391316
9000,40,225,9000,0.153751072391316
9000,40,250,9000,0.153751072391316
7500,40,150,8000,0.15369391784903175
7500,40,175,8000,0.15369391784903175
7500,40,200,8000,0.15369391784903175
7500,40,225,8000,0.15369391784903175
7500,40,250,8000,0.15369391784903175
7500,40,150,7500,0.15364722954956503
7500,40,175,7500,0.15364722954956503
7500,40,200,7500,0.15364722954956503
7500,40,225,7500,0.15364722954956503
7500,40,250,7500,0.15364722954956503
6500,35,150,8000,0.15360910557100255
6500,35,175,8000,0.15360910557100255
6500,35,200,8000,0.15360910557100255
6500,35,225,8000,0.15360910557100255
6500,35,250,8000,0.15360910557100255
5500,30,150,8500,0.1535913018496829
5500,30,175,8500,0.1535913018496829
5500,30,200,8500,0.1535913018496829
5500,30,225,8500,0.1535913018496829
5500,30,250,8500,0.1535913018496829
5500,25,150,9000,0.1535309229182594
5500,25,175,9000,0.1535309229182594
5500,25,200,9000,0.1535309229182594
5500,25,225,9000,0.1535309229182594
5500,25,250,9000,0.1535309229182594
5500,30,150,7500,0.15349081290502992
5500,30,175,7500,0.15349081290502992
5500,30,200,7500,0.15349081290502992
5500,30,225,7500,0.15349081290502992
5500,30,250,7500,0.15349081290502992
6500,30,150,9000,0.15345482193465204
6500,30,175,9000,0.15345482193465204
6500,30,200,9000,0.15345482193465204
6500,30,225,9000,0.15345482193465204
6500,30,250,9000,0.15345482193465204
5000,25,150,6000,0.15343943333317744
5000,25,175,6000,0.15343943333317744
5000,25,200,6000,0.15343943333317744
5000,25,225,6000,0.15343943333317744
5000,25,250,6000,0.15343943333317744
9000,45,200,7500,0.15340141050702244
9000,45,225,7500,0.15340141050702244
9000,45,250,7500,0.15340141050702244
7000,35,150,6000,0.15338792398941353
7000,35,175,6000,0.15338792398941353
7000,35,200,6000,0.15338792398941353
7000,35,225,6000,0.15338792398941353
7000,35,250,6000,0.15338792398941353
7500,35,150,9000,0.15327339864247205
7500,35,175,9000,0.15327339864247205
7500,35,200,9000,0.15327339864247205
7500,35,225,9000,0.15327339864247205
7500,35,250,9000,0.15327339864247205
6500,35,150,7500,0.15321897807081702
6500,35,175,7500,0.15321897807081702
6500,35,200,7500,0.15321897807081702
6500,35,225,7500,0.15321897807081702
6500,35,250,7500,0.15321897807081702
9000,45,200,7000,0.1531635122232543
9000,45,225,7000,0.1531635122232543
9000,45,250,7000,0.1531635122232543
9000,45,200,8000,0.15310570993959707
9000,45,225,8000,0.15310570993959707
9000,45,250,8000,0.15310570993959707
7500,40,150,7000,0.153063733708895
7500,40,175,7000,0.153063733708895
7500,40,200,7000,0.153063733708895
7500,40,225,7000,0.153063733708895
7500,40,250,7000,0.153063733708895
6500,35,150,8500,0.15297366639241683
6500,35,175,8500,0.15297366639241683
6500,35,200,8500,0.15297366639241683
6500,35,225,8500,0.15297366639241683
6500,35,250,8500,0.15297366639241683
5500,30,150,7000,0.15290084677769292
5500,30,175,7000,0.15290084677769292
5500,30,200,7000,0.15290084677769292
5500,30,225,7000,0.15290084677769292
5500,30,250,7000,0.15290084677769292
8500,25,150,8500,0.1528829994651207
8500,20,150,9000,0.15283456895646277
9000,45,200,6500,0.15277726710920417
9000,45,225,6500,0.15277726710920417
9000,45,250,6500,0.15277726710920417
7500,40,150,8500,0.15271592236423068
7500,40,175,8500,0.15271592236423068
7500,40,200,8500,0.15271592236423068
7500,40,225,8500,0.15271592236423068
7500,40,250,8500,0.15271592236423068
7500,40,150,6500,0.1526742893029323
7500,40,175,6500,0.1526742893029323
7500,40,200,6500,0.1526742893029323
7500,40,225,6500,0.1526742893029323
7500,40,250,6500,0.1526742893029323
6500,35,150,7000,0.15263311202253624
6500,35,175,7000,0.15263311202253624
6500,35,200,7000,0.15263311202253624
6500,35,225,7000,0.15263311202253624
6500,35,250,7000,0.15263311202253624
5500,30,150,6500,0.15250707895709859
5500,30,175,6500,0.15250707895709859
5500,30,200,6500,0.15250707895709859
5500,30,225,6500,0.15250707895709859
5500,30,250,6500,0.15250707895709859
9000,25,150,6000,0.15232317605260706
8500,45,175,7500,0.15225157105033277
8500,45,200,7500,0.15225157105033277
8500,45,225,7500,0.15225157105033277
8500,45,250,7500,0.15225157105033277
6500,35,150,6500,0.15224208406509493
6500,35,175,6500,0.15224208406509493
6500,35,200,6500,0.15224208406509493
6500,35,225,6500,0.15224208406509493
6500,35,250,6500,0.15224208406509493
9000,45,200,6000,0.15219723835674223
9000,45,225,6000,0.15219723835674223
9000,45,250,6000,0.15219723835674223
7000,40,150,8000,0.152155035602853
7000,40,175,8000,0.152155035602853
7000,40,200,8000,0.152155035602853
7000,40,225,8000,0.152155035602853
7000,40,250,8000,0.152155035602853
9000,45,200,8500,0.1521299776401263
9000,45,225,8500,0.1521299776401263
9000,45,250,8500,0.1521299776401263
7500,40,150,6000,0.15208945069111232
7500,40,175,6000,0.15208945069111232
7500,40,200,6000,0.15208945069111232
7500,40,225,6000,0.15208945069111232
7500,40,250,6000,0.15208945069111232
8500,45,175,8000,0.15195625935171073
8500,45,200,8000,0.15195625935171073
8500,45,225,8000,0.15195625935171073
8500,45,250,8000,0.15195625935171073
8500,40,175,9000,0.15192758239864151
8500,40,200,9000,0.15192758239864151
8500,40,225,9000,0.15192758239864151
8500,40,250,9000,0.15192758239864151
5500,30,150,6000,0.15191574034697197
5500,30,175,6000,0.15191574034697197
5500,30,200,6000,0.15191574034697197
5500,30,225,6000,0.15191574034697197
5500,30,250,6000,0.15191574034697197
9000,25,150,6500,0.15189495664637645
7000,40,150,7500,0.15176338000490103
7000,40,175,7500,0.15176338000490103
7000,40,200,7500,0.15176338000490103
7000,40,225,7500,0.15176338000490103
7000,40,250,7500,0.15176338000490103
5000,25,150,9000,0.1516986178860841
5000,25,175,9000,0.1516986178860841
5000,25,200,9000,0.1516986178860841
5000,25,225,9000,0.1516986178860841
5000,25,250,9000,0.1516986178860841
8500,45,175,7000,0.15166730848140522
8500,45,200,7000,0.15166730848140522
8500,45,225,7000,0.15166730848140522
8500,45,250,7000,0.15166730848140522
6500,35,150,6000,0.15165486499260036
6500,35,175,6000,0.15165486499260036
6500,35,200,6000,0.15165486499260036
6500,35,225,6000,0.15165486499260036
6500,35,250,6000,0.15165486499260036
9000,25,150,7000,0.15160993644598408
9000,20,150,9000,0.15157312483104243
7000,40,150,8500,0.1515185425605874
7000,40,175,8500,0.1515185425605874
7000,40,200,8500,0.1515185425605874
7000,40,225,8500,0.1515185425605874
7000,40,250,8500,0.1515185425605874
6000,30,150,9000,0.15142938788041738
6000,30,175,9000,0.15142938788041738
6000,30,200,9000,0.15142938788041738
6000,30,225,9000,0.15142938788041738
6000,30,250,9000,0.15142938788041738
9000,25,150,7500,0.1513252829411302
8500,45,175,6500,0.15127735248549087
8500,45,200,6500,0.15127735248549087
8500,45,225,6500,0.15127735248549087
8500,45,250,6500,0.15127735248549087
7000,40,150,7000,0.1511752176787034
7000,40,175,7000,0.1511752176787034
7000,40,200,7000,0.1511752176787034
7000,40,225,7000,0.1511752176787034
7000,40,250,7000,0.1511752176787034
9000,40,175,9000,0.15106754507983872
5000,30,150,8000,0.1509817731817613
5000,30,175,8000,0.1509817731817613
5000,30,200,8000,0.1509817731817613
5000,30,225,8000,0.1509817731817613
5000,30,250,8000,0.1509817731817613
8500,45,175,8500,0.1509777335746846
8500,45,200,8500,0.1509777335746846
8500,45,225,8500,0.1509777335746846
8500,45,250,8500,0.1509777335746846
9000,25,150,8000,0.15089898869146195
5000,30,150,8500,0.15083643566050367
5000,30,175,8500,0.15083643566050367
5000,30,200,8500,0.15083643566050367
5000,30,225,8500,0.15083643566050367
5000,30,250,8500,0.15083643566050367
8000,25,150,9000,0.15079319336787436
7000,40,150,6500,0.1507826561090845
7000,40,175,6500,0.1507826561090845
7000,40,200,6500,0.1507826561090845
7000,40,225,6500,0.1507826561090845
7000,40,250,6500,0.1507826561090845
9000,45,175,7500,0.15069501155534698
8500,45,175,6000,0.15069174583127884
8500,45,200,6000,0.15069174583127884
8500,45,225,6000,0.15069174583127884
8500,45,250,6000,0.15069174583127884
7000,35,150,9000,0.1506589317362494
7000,35,175,9000,0.1506589317362494
7000,35,200,9000,0.1506589317362494
7000,35,225,9000,0.1506589317362494
7000,35,250,9000,0.1506589317362494
5000,30,150,7500,0.1505819983865391
5000,30,175,7500,0.1505819983865391
5000,30,200,7500,0.1505819983865391
5000,30,225,7500,0.1505819983865391
5000,30,250,7500,0.1505819983865391
9000,45,175,7000,0.15044982841966853
8000,30,150,7000,0.15042642051473493
9000,45,175,8000,0.15040189190336892
8000,30,150,6500,0.15037249529769356
8000,40,175,9000,0.15032663739020777
8000,40,200,9000,0.15032663739020777
8000,40,225,9000,0.15032663739020777
8000,40,250,9000,0.15032663739020777
6000,35,150,8000,0.1502265425935203
6000,35,175,8000,0.1502265425935203
6000,35,200,8000,0.1502265425935203
6000,35,225,8000,0.1502265425935203
6000,35,250,8000,0.1502265425935203
8000,45,175,8000,0.15019985977947137
8000,45,200,8000,0.15019985977947137
8000,45,225,8000,0.15019985977947137
8000,45,250,8000,0.15019985977947137
7000,40,150,6000,0.15019313246756363
7000,40,175,6000,0.15019313246756363
7000,40,200,6000,0.15019313246756363
7000,40,225,6000,0.15019313246756363
7000,40,250,6000,0.15019313246756363
6000,35,150,8500,0.1500806084434123
6000,35,175,8500,0.1500806084434123
6000,35,200,8500,0.1500806084434123
6000,35,225,8500,0.1500806084434123
6000,35,250,8500,0.1500806084434123
9000,45,175,6500,0.15005757939432202
5500,30,150,9000,0.15002617572252497
5500,30,175,9000,0.15002617572252497
5500,30,200,9000,0.15002617572252497
5500,30,225,9000,0.15002617572252497
5500,30,250,9000,0.15002617572252497
8000,30,150,7500,0.14999640998567879
5000,30,150,7000,0.14998162979169993
5000,30,175,7000,0.14998162979169993
5000,30,200,7000,0.14998162979169993
5000,30,225,7000,0.14998162979169993
5000,30,250,7000,0.14998162979169993
9000,25,150,8500,0.14994498824937919
6000,35,150,7500,0.1498284353688756
6000,35,175,7500,0.1498284353688756
6000,35,200,7500,0.1498284353688756
6000,35,225,7500,0.1498284353688756
6000,35,250,7500,0.1498284353688756
8000,45,175,7500,0.14980557389254856
8000,45,200,7500,0.14980557389254856
8000,45,225,7500,0.14980557389254856
8000,45,250,7500,0.14980557389254856
8000,30,150,6000,0.14977959591936263
8000,30,150,8000,0.1497102037582418
5000,30,150,6500,0.14958091235010507
5000,30,175,6500,0.14958091235010507
5000,30,200,6500,0.14958091235010507
5000,30,225,6500,0.14958091235010507
5000,30,250,6500,0.14958091235010507
6500,40,150,8000,0.14948430117941286
6500,40,150,8500,0.14948430117941286
6500,40,175,8000,0.14948430117941286
6500,40,175,8500,0.14948430117941286
6500,40,200,8000,0.14948430117941286
6500,40,200,8500,0.14948430117941286
6500,40,225,8000,0.14948430117941286
6500,40,225,8500,0.14948430117941286
6500,40,250,8000,0.14948430117941286
6500,40,250,8500,0.14948430117941286
9000,45,175,6000,0.14946852623518334
9000,45,175,8500,0.14942534230714644
6500,35,150,9000,0.1494152394333881
6500,35,175,9000,0.1494152394333881
6500,35,200,9000,0.1494152394333881
6500,35,225,9000,0.1494152394333881
6500,35,250,9000,0.1494152394333881
6000,35,150,7000,0.14923057463589046
6000,35,175,7000,0.14923057463589046
6000,35,200,7000,0.14923057463589046
6000,35,225,7000,0.14923057463589046
6000,35,250,7000,0.14923057463589046
8000,45,175,8500,0.14921834630024527
8000,45,200,8500,0.14921834630024527
8000,45,225,8500,0.14921834630024527
8000,45,250,8500,0.14921834630024527
8000,45,175,7000,0.14921345856414028
8000,45,200,7000,0.14921345856414028
8000,45,225,7000,0.14921345856414028
8000,45,250,7000,0.14921345856414028
8500,30,150,6500,0.1491610034639843
7500,40,150,9000,0.14915896179124427
7500,40,175,9000,0.14915896179124427
7500,40,200,9000,0.14915896179124427
7500,40,225,9000,0.14915896179124427
7500,40,250,9000,0.14915896179124427
8500,25,150,9000,0.14911027336366803
6500,40,150,7500,0.14908644765645374
6500,40,175,7500,0.14908644765645374
6500,40,200,7500,0.14908644765645374
6500,40,225,7500,0.14908644765645374
6500,40,250,7500,0.14908644765645374
5000,30,150,6000,0.14897912728496351
5000,30,175,6000,0.14897912728496351
5000,30,200,6000,0.14897912728496351
5000,30,225,6000,0.14897912728496351
5000,30,250,6000,0.14897912728496351
5500,35,150,8000,0.14896847163903792
5500,35,150,8500,0.14896847163903792
5500,35,175,8000,0.14896847163903792
5500,35,175,8500,0.14896847163903792
5500,35,200,8000,0.14896847163903792
5500,35,200,8500,0.14896847163903792
5500,35,225,8000,0.14896847163903792
5500,35,225,8500,0.14896847163903792
5500,35,250,8000,0.14896847163903792
5500,35,250,8500,0.14896847163903792
8500,30,150,6000,0.14890769974840334
8500,30,150,7000,0.14887558610316567
7500,45,150,8000,0.1488334858188472
7500,45,175,8000,0.1488334858188472
7500,45,200,8000,0.1488334858188472
7500,45,225,8000,0.1488334858188472
7500,45,250,8000,0.1488334858188472
6000,35,150,6500,0.14883153345057715
6000,35,175,6500,0.14883153345057715
6000,35,200,6500,0.14883153345057715
6000,35,225,6500,0.14883153345057715
6000,35,250,6500,0.14883153345057715
8000,45,175,6500,0.14881825660244746
8000,45,200,6500,0.14881825660244746
8000,45,225,6500,0.14881825660244746
8000,45,250,6500,0.14881825660244746
8000,30,150,8500,0.14874454309241883
8500,30,150,7500,0.14859054126542917
5500,35,150,7500,0.1485660135218402
5500,35,175,7500,0.1485660135218402
5500,35,200,7500,0.1485660135218402
5500,35,225,7500,0.1485660135218402
5500,35,250,7500,0.1485660135218402
6500,40,150,7000,0.1484889689785171
6500,40,175,7000,0.1484889689785171
6500,40,200,7000,0.1484889689785171
6500,40,225,7000,0.1484889689785171
6500,40,250,7000,0.1484889689785171
7500,45,150,7500,0.14843744040763085
7500,45,175,7500,0.14843744040763085
7500,45,200,7500,0.14843744040763085
7500,45,225,7500,0.14843744040763085
7500,45,250,7500,0.14843744040763085
7500,45,150,8500,0.1483423147007113
7500,45,175,8500,0.1483423147007113
7500,45,200,8500,0.1483423147007113
7500,45,225,8500,0.1483423147007113
7500,45,250,8500,0.1483423147007113
9000,50,200,7500,0.14831606018613827
9000,50,225,7500,0.14831606018613827
9000,50,250,7500,0.14831606018613827
9000,45,200,9000,0.14829412133369546
9000,45,225,9000,0.14829412133369546
9000,45,250,9000,0.14829412133369546
6000,35,150,6000,0.14823226931143602
6000,35,175,6000,0.14823226931143602
6000,35,200,6000,0.14823226931143602
6000,35,225,6000,0.14823226931143602
6000,35,250,6000,0.14823226931143602
8000,45,175,6000,0.14822476476726185
8000,45,200,6000,0.14822476476726185
8000,45,225,6000,0.14822476476726185
8000,45,250,6000,0.14822476476726185
8500,30,150,8000,0.14816367089577956
7000,40,150,9000,0.14809690556873872
7000,40,175,9000,0.14809690556873872
7000,40,200,9000,0.14809690556873872
7000,40,225,9000,0.14809690556873872
7000,40,250,9000,0.14809690556873872
6500,40,150,6500,0.14809018350104902
6500,40,175,6500,0.14809018350104902
6500,40,200,6500,0.14809018350104902
6500,40,225,6500,0.14809018350104902
6500,40,250,6500,0.14809018350104902
5000,30,150,9000,0.14807813380982043
5000,30,175,9000,0.14807813380982043
5000,30,200,9000,0.14807813380982043
5000,30,225,9000,0.14807813380982043
5000,30,250,9000,0.14807813380982043
9000,50,200,8000,0.148021629123781
9000,50,225,8000,0.148021629123781
9000,50,250,8000,0.148021629123781
5500,35,150,7000,0.1479616121208256
5500,35,175,7000,0.1479616121208256
5500,35,200,7000,0.1479616121208256
5500,35,225,7000,0.1479616121208256
5500,35,250,7000,0.1479616121208256
7500,45,150,7000,0.14784268076255172
7500,45,175,7000,0.14784268076255172
7500,45,200,7000,0.14784268076255172
7500,45,225,7000,0.14784268076255172
7500,45,250,7000,0.14784268076255172
9000,50,200,7000,0.14772292266561712
9000,50,225,7000,0.14772292266561712
9000,50,250,7000,0.14772292266561712
5500,35,150,6500,0.1475582009142939
5500,35,175,6500,0.1475582009142939
5500,35,200,6500,0.1475582009142939
5500,35,225,6500,0.1475582009142939
5500,35,250,6500,0.1475582009142939
9000,30,150,6000,0.14751742090416844
6500,40,150,6000,0.14749130443521
6500,40,175,6000,0.14749130443521
6500,40,200,6000,0.14749130443521
6500,40,225,6000,0.14749130443521
6500,40,250,6000,0.14749130443521
7500,45,150,6500,0.14744571256200048
7500,45,175,6500,0.14744571256200048
7500,45,200,6500,0.14744571256200048
7500,45,225,6500,0.14744571256200048
7500,45,250,6500,0.14744571256200048
9000,30,150,6500,0.14743266690648532
8500,45,175,9000,0.14741792950749694
8500,45,200,9000,0.14741792950749694
8500,45,225,9000,0.14741792950749694
8500,45,250,9000,0.14741792950749694
9000,50,200,6500,0.14732703846289907
9000,50,225,6500,0.14732703846289907
9000,50,250,6500,0.14732703846289907
8500,30,150,8500,0.14720041117473281
9000,30,150,7000,0.14714932344103154
8500,50,175,8000,0.14708684658205023
8500,50,200,8000,0.14708684658205023
8500,50,225,8000,0.14708684658205023
8500,50,250,8000,0.14708684658205023
9000,50,200,8500,0.1470389721154407
9000,50,225,8500,0.1470389721154407
9000,50,250,8500,0.1470389721154407
6000,35,150,9000,0.1469799629930347
6000,35,175,9000,0.1469799629930347
6000,35,200,9000,0.1469799629930347
6000,35,225,9000,0.1469799629930347
6000,35,250,9000,0.1469799629930347
5500,35,150,6000,0.14695236733986364
5500,35,175,6000,0.14695236733986364
5500,35,200,6000,0.14695236733986364
5500,35,225,6000,0.14695236733986364
5500,35,250,6000,0.14695236733986364
7500,45,150,6000,0.14684956631385881
7500,45,175,6000,0.14684956631385881
7500,45,200,6000,0.14684956631385881
7500,45,225,6000,0.14684956631385881
7500,45,250,6000,0.14684956631385881
7000,45,150,8000,0.14674675651252272
7000,45,150,8500,0.14674675651252272
7000,45,175,8000,0.14674675651252272
7000,45,175,8500,0.14674675651252272
7000,45,200,8000,0.14674675651252272
7000,45,200,8500,0.14674675651252272
7000,45,225,8000,0.14674675651252272
7000,45,225,8500,0.14674675651252272
7000,45,250,8000,0.14674675651252272
7000,45,250,8500,0.14674675651252272
9000,50,200,6000,0.14673252209460896
9000,50,225,6000,0.14673252209460896
9000,50,250,6000,0.14673252209460896
9000,30,150,7500,0.14672500162142066
8500,50,175,7500,0.14668797584246202
8500,50,200,7500,0.14668797584246202
8500,50,225,7500,0.14668797584246202
8500,50,250,7500,0.14668797584246202
9000,30,150,8000,0.1464425816056358
6000,40,150,8000,0.1463571483428377
6000,40,150,8500,0.1463571483428377
6000,40,175,8000,0.1463571483428377
6000,40,175,8500,0.1463571483428377
6000,40,200,8000,0.1463571483428377
6000,40,200,8500,0.1463571483428377
6000,40,225,8000,0.1463571483428377
6000,40,225,8500,0.1463571483428377
6000,40,250,8000,0.1463571483428377
6000,40,250,8500,0.1463571483428377
8500,50,175,8500,0.14624867078643153
8500,50,200,8500,0.14624867078643153
8500,50,225,8500,0.14624867078643153
8500,50,250,8500,0.14624867078643153
5500,35,150,9000,0.14619863894103208
5500,35,175,9000,0.14619863894103208
5500,35,200,9000,0.14619863894103208
5500,35,225,9000,0.14619863894103208
5500,35,250,9000,0.14619863894103208
7000,45,150,7500,0.14619820202036113
7000,45,175,7500,0.14619820202036113
7000,45,200,7500,0.14619820202036113
7000,45,225,7500,0.14619820202036113
7000,45,250,7500,0.14619820202036113
9000,25,150,9000,0.14617684861177171
5000,35,150,8000,0.1461157465333047
5000,35,150,8500,0.1461157465333047
5000,35,175,8000,0.1461157465333047
5000,35,175,8500,0.1461157465333047
5000,35,200,8000,0.1461157465333047
5000,35,200,8500,0.1461157465333047
5000,35,225,8000,0.1461157465333047
5000,35,225,8500,0.1461157465333047
5000,35,250,8000,0.1461157465333047
5000,35,250,8500,0.1461157465333047
8500,50,175,7000,0.14608896973705965
8500,50,200,7000,0.14608896973705965
8500,50,225,7000,0.14608896973705965
8500,50,250,7000,0.14608896973705965
6500,40,150,9000,0.14603582130685158
6500,40,175,9000,0.14603582130685158
6500,40,200,9000,0.14603582130685158
6500,40,225,9000,0.14603582130685158
6500,40,250,9000,0.14603582130685158
8000,35,150,7000,0.14595399216944696
8000,35,150,7500,0.1458698092180857
6000,40,150,7500,0.14580674655578807
6000,40,175,7500,0.14580674655578807
6000,40,200,7500,0.14580674655578807
6000,40,225,7500,0.14580674655578807
6000,40,250,7500,0.14580674655578807
8000,45,175,9000,0.14578445055938807
8000,45,200,9000,0.14578445055938807
8000,45,225,9000,0.14578445055938807
8000,45,250,9000,0.14578445055938807
8500,50,175,6500,0.14568916490471548
8500,50,200,6500,0.14568916490471548
8500,50,225,6500,0.14568916490471548
8500,50,250,6500,0.14568916490471548
7000,45,150,7000,0.1455935234431428
7000,45,175,7000,0.1455935234431428
7000,45,200,7000,0.1455935234431428
7000,45,225,7000,0.1455935234431428
7000,45,250,7000,0.1455935234431428
8000,35,150,8000,0.14558460169007792
9000,50,175,7500,0.14558063856240813
9000,45,175,9000,0.14557639515446144
8000,35,150,6500,0.14555090395178924
9000,30,150,8500,0.14548166330455645
5000,35,150,7500,0.14541615545895809
5000,35,175,7500,0.14541615545895809
5000,35,200,7500,0.14541615545895809
5000,35,225,7500,0.14541615545895809
5000,35,250,7500,0.14541615545895809
6500,45,150,8000,0.1453289796213492
6500,45,150,8500,0.1453289796213492
6500,45,175,8000,0.1453289796213492
6500,45,175,8500,0.1453289796213492
6500,45,200,8000,0.1453289796213492
6500,45,200,8500,0.1453289796213492
6500,45,225,8000,0.1453289796213492
6500,45,225,8500,0.1453289796213492
6500,45,250,8000,0.1453289796213492
6500,45,250,8500,0.1453289796213492
9000,50,175,8000,0.14528890606460063
8000,50,175,8000,0.14525471822497388
8000,50,200,8000,0.14525471822497388
8000,50,225,8000,0.14525471822497388
8000,50,250,8000,0.14525471822497388
6000,40,150,7000,0.14519842342926362
6000,40,175,7000,0.14519842342926362
6000,40,200,7000,0.14519842342926362
6000,40,225,7000,0.14519842342926362
6000,40,250,7000,0.14519842342926362
7000,45,150,6500,0.14518992833934022
7000,45,175,6500,0.14518992833934022
7000,45,200,6500,0.14518992833934022
7000,45,225,6500,0.14518992833934022
7000,45,250,6500,0.14518992833934022
8500,50,175,6000,0.14508875519904935
8500,50,200,6000,0.14508875519904935
8500,50,225,6000,0.14508875519904935
8500,50,250,6000,0.14508875519904935
9000,50,175,7000,0.1449781782362915
8000,35,150,6000,0.14494555769176887
8000,30,150,9000,0.14492564711125677
8000,50,175,8500,0.14490686778796666
8000,50,200,8500,0.14490686778796666
8000,50,225,8500,0.14490686778796666
8000,50,250,8500,0.14490686778796666
7500,45,150,9000,0.1449010652172423
7500,45,175,9000,0.1449010652172423
7500,45,200,9000,0.1449010652172423
7500,45,225,9000,0.1449010652172423
7500,45,250,9000,0.1449010652172423
5000,35,150,7000,0.1447989525867736
5000,35,175,7000,0.1447989525867736
5000,35,200,7000,0.1447989525867736
5000,35,225,7000,0.1447989525867736
5000,35,250,7000,0.1447989525867736
6000,40,150,6500,0.14479239308959085
6000,40,175,6500,0.14479239308959085
6000,40,200,6500,0.14479239308959085
6000,40,225,6500,0.14479239308959085
6000,40,250,6500,0.14479239308959085
8000,50,175,7500,0.14470513387779385
8000,50,200,7500,0.14470513387779385
8000,50,225,7500,0.14470513387779385
8000,50,250,7500,0.14470513387779385
6500,45,150,7500,0.14463175856109853
6500,45,175,7500,0.14463175856109853
6500,45,200,7500,0.14463175856109853
6500,45,225,7500,0.14463175856109853
6500,45,250,7500,0.14463175856109853
8000,35,150,8500,0.1446129425512596
7000,45,150,6000,0.14458382025496005
7000,45,175,6000,0.14458382025496005
7000,45,200,6000,0.14458382025496005
7000,45,225,6000,0.14458382025496005
7000,45,250,6000,0.14458382025496005
9000,50,175,6500,0.14457606579547036
5500,40,150,8000,0.14450311569358595
5500,40,150,8500,0.14450311569358595
5500,40,175,8000,0.14450311569358595
5500,40,175,8500,0.14450311569358595
5500,40,200,8000,0.14450311569358595
5500,40,200,8500,0.14450311569358595
5500,40,225,8000,0.14450311569358595
5500,40,225,8500,0.14450311569358595
5500,40,250,8000,0.14450311569358595
5500,40,250,8500,0.14450311569358595
5000,35,150,6500,0.14438698847772155
5000,35,175,6500,0.14438698847772155
5000,35,200,6500,0.14438698847772155
5000,35,225,6500,0.14438698847772155
5000,35,250,6500,0.14438698847772155
9000,50,175,8500,0.14430544647691385
6000,40,150,6000,0.14418262382359204
6000,40,175,6000,0.14418262382359204
6000,40,200,6000,0.14418262382359204
6000,40,225,6000,0.14418262382359204
6000,40,250,6000,0.14418262382359204
8000,50,175,7000,0.14409936062504708
8000,50,200,7000,0.14409936062504708
8000,50,225,7000,0.14409936062504708
8000,50,250,7000,0.14409936062504708
6500,45,150,7000,0.14402202722844828
6500,45,175,7000,0.14402202722844828
6500,45,200,7000,0.14402202722844828
6500,45,225,7000,0.14402202722844828
6500,45,250,7000,0.14402202722844828
9000,50,175,6000,0.14397218746567703
5500,40,150,7500,0.1438019475594519
5500,40,175,7500,0.1438019475594519
5500,40,200,7500,0.1438019475594519
5500,40,225,7500,0.1438019475594519
5500,40,250,7500,0.1438019475594519
5000,35,150,6000,0.14376829758949244
5000,35,175,6000,0.14376829758949244
5000,35,200,6000,0.14376829758949244
5000,35,225,6000,0.14376829758949244
5000,35,250,6000,0.14376829758949244
8000,50,175,6500,0.14369503484639398
8000,50,200,6500,0.14369503484639398
8000,50,225,6500,0.14369503484639398
8000,50,250,6500,0.14369503484639398
5000,35,150,9000,0.14366834398574294
5000,35,175,9000,0.14366834398574294
5000,35,200,9000,0.14366834398574294
5000,35,225,9000,0.14366834398574294
5000,35,250,9000,0.14366834398574294
7000,45,150,9000,0.14362451549797267
7000,45,175,9000,0.14362451549797267
7000,45,200,9000,0.14362451549797267
7000,45,225,9000,0.14362451549797267
7000,45,250,9000,0.14362451549797267
6500,45,150,6500,0.14361505651684522
6500,45,175,6500,0.14361505651684522
6500,45,200,6500,0.14361505651684522
6500,45,225,6500,0.14361505651684522
6500,45,250,6500,0.14361505651684522
9000,50,200,9000,0.14359995218698568
9000,50,225,9000,0.14359995218698568
9000,50,250,9000,0.14359995218698568
6000,40,150,9000,0.14357646909439786
6000,40,175,9000,0.14357646909439786
6000,40,200,9000,0.14357646909439786
6000,40,225,9000,0.14357646909439786
6000,40,250,9000,0.14357646909439786
8500,30,150,9000,0.1433874802807563
8500,35,150,7000,0.14334570590525317
8500,35,150,6500,0.14328498450815627
7500,50,150,8000,0.143184453129088
7500,50,150,8500,0.143184453129088
7500,50,175,8000,0.143184453129088
7500,50,175,8500,0.143184453129088
7500,50,200,8000,0.143184453129088
7500,50,200,8500,0.143184453129088
7500,50,225,8000,0.143184453129088
7500,50,225,8500,0.143184453129088
7500,50,250,8000,0.143184453129088
7500,50,250,8500,0.143184453129088
8000,50,175,6000,0.14308782941037987
8000,50,200,6000,0.14308782941037987
8000,50,225,6000,0.14308782941037987
8000,50,250,6000,0.14308782941037987
5500,40,150,7000,0.1430392842286603
5500,40,175,7000,0.1430392842286603
5500,40,200,7000,0.1430392842286603
5500,40,225,7000,0.1430392842286603
5500,40,250,7000,0.1430392842286603
6500,45,150,6000,0.14300387433541564
6500,45,175,6000,0.14300387433541564
6500,45,200,6000,0.14300387433541564
6500,45,225,6000,0.14300387433541564
6500,45,250,6000,0.14300387433541564
8500,35,150,7500,0.14292025204315992
8500,50,175,9000,0.14279482632757548
8500,50,200,9000,0.14279482632757548
8500,50,225,9000,0.14279482632757548
8500,50,250,9000,0.14279482632757548
5000,40,150,8000,0.14269644383783545
5000,40,150,8500,0.14269644383783545
5000,40,175,8000,0.14269644383783545
5000,40,175,8500,0.14269644383783545
5000,40,200,8000,0.14269644383783545
5000,40,200,8500,0.14269644383783545
5000,40,225,8000,0.14269644383783545
5000,40,225,8500,0.14269644383783545
5000,40,250,8000,0.14269644383783545
5000,40,250,8500,0.14269644383783545
8500,35,150,6000,0.14267622665943
8500,35,150,8000,0.14263708485880602
7500,50,150,7500,0.14263123398263966
7500,50,175,7500,0.14263123398263966
7500,50,200,7500,0.14263123398263966
7500,50,225,7500,0.14263123398263966
7500,50,250,7500,0.14263123398263966
5500,40,150,6500,0.14262670694130178
5500,40,175,6500,0.14262670694130178
5500,40,200,6500,0.14262670694130178
5500,40,225,6500,0.14262670694130178
5500,40,250,6500,0.14262670694130178
6500,45,150,9000,0.14254171863492052
6500,45,175,9000,0.14254171863492052
6500,45,200,9000,0.14254171863492052
6500,45,225,9000,0.14254171863492052
6500,45,250,9000,0.14254171863492052
6000,45,150,8000,0.1424224862358736
6000,45,150,8500,0.1424224862358736
6000,45,175,8000,0.1424224862358736
6000,45,175,8500,0.1424224862358736
6000,45,200,8000,0.1424224862358736
6000,45,200,8500,0.1424224862358736
6000,45,225,8000,0.1424224862358736
6000,45,225,8500,0.1424224862358736
6000,45,250,8000,0.1424224862358736
6000,45,250,8500,0.1424224862358736
5500,40,150,9000,0.14205020675253552
5500,40,175,9000,0.14205020675253552
5500,40,200,9000,0.14205020675253552
5500,40,225,9000,0.14205020675253552
5500,40,250,9000,0.14205020675253552
7500,50,150,7000,0.14201897948550413
7500,50,175,7000,0.14201897948550413
7500,50,200,7000,0.14201897948550413
7500,50,225,7000,0.14201897948550413
7500,50,250,7000,0.14201897948550413
5500,40,150,6000,0.14200709560109387
5500,40,175,6000,0.14200709560109387
5500,40,200,6000,0.14200709560109387
5500,40,225,6000,0.14200709560109387
5500,40,250,6000,0.14200709560109387
5000,40,150,7500,0.14199043589373253
5000,40,175,7500,0.14199043589373253
5000,40,200,7500,0.14199043589373253
5000,40,225,7500,0.14199043589373253
5000,40,250,7500,0.14199043589373253
7000,50,150,8000,0.14174794132117463
7000,50,150,8500,0.14174794132117463
7000,50,175,8000,0.14174794132117463
7000,50,175,8500,0.14174794132117463
7000,50,200,8000,0.14174794132117463
7000,50,200,8500,0.14174794132117463
7000,50,225,8000,0.14174794132117463
7000,50,225,8500,0.14174794132117463
7000,50,250,8000,0.14174794132117463
7000,50,250,8500,0.14174794132117463
6000,45,150,7500,0.1417189763399324
6000,45,175,7500,0.1417189763399324
6000,45,200,7500,0.1417189763399324
6000,45,225,7500,0.1417189763399324
6000,45,250,7500,0.1417189763399324
9000,30,150,9000,0.14167318016990632
8500,35,150,8500,0.14166699274679226
9000,35,150,6500,0.1416408493685374
7500,50,150,6500,0.14161032379351338
7500,50,175,6500,0.14161032379351338
7500,50,200,6500,0.14161032379351338
7500,50,225,6500,0.14161032379351338
7500,50,250,6500,0.14161032379351338
8000,50,175,9000,0.1414321012622198
8000,50,200,9000,0.1414321012622198
8000,50,225,9000,0.1414321012622198
8000,50,250,9000,0.1414321012622198
9000,35,150,7000,0.1413601065105033
9000,35,150,7500,0.14107973614421288
5000,40,150,7000,0.14107526508293067
5000,40,175,7000,0.14107526508293067
5000,40,200,7000,0.14107526508293067
5000,40,225,7000,0.14107526508293067
5000,40,250,7000,0.14107526508293067
7000,50,150,7500,0.14104462559543984
7000,50,175,7500,0.14104462559543984
7000,50,200,7500,0.14104462559543984
7000,50,225,7500,0.14104462559543984
7000,50,250,7500,0.14104462559543984
9000,35,150,6000,0.1410256789543457
7500,50,150,6000,0.14099660982471718
7500,50,175,6000,0.14099660982471718
7500,50,200,6000,0.14099660982471718
7500,50,225,6000,0.14099660982471718
7500,50,250,6000,0.14099660982471718
5500,45,150,8000,0.14097365755475916
5500,45,150,8500,0.14097365755475916
5500,45,175,8000,0.14097365755475916
5500,45,175,8500,0.14097365755475916
5500,45,200,8000,0.14097365755475916
5500,45,200,8500,0.14097365755475916
5500,45,225,8000,0.14097365755475916
5500,45,225,8500,0.14097365755475916
5500,45,250,8000,0.14097365755475916
5500,45,250,8500,0.14097365755475916
9000,50,175,9000,0.14084891547723213
6000,45,150,7000,0.14080834419817473
6000,45,175,7000,0.14080834419817473
6000,45,200,7000,0.14080834419817473
6000,45,225,7000,0.14080834419817473
6000,45,250,7000,0.14080834419817473
8000,35,150,9000,0.14076069288998283
9000,35,150,8000,0.14065987739673336
5000,40,150,6500,0.1406560934469623
5000,40,175,6500,0.1406560934469623
5000,40,200,6500,0.1406560934469623
5000,40,225,6500,0.1406560934469623
5000,40,250,6500,0.1406560934469623
6500,50,150,8000,0.14057606340773202
6500,50,150,8500,0.14057606340773202
6500,50,175,8000,0.14057606340773202
6500,50,175,8500,0.14057606340773202
6500,50,200,8000,0.14057606340773202
6500,50,200,8500,0.14057606340773202
6500,50,225,8000,0.14057606340773202
6500,50,225,8500,0.14057606340773202
6500,50,250,8000,0.14057606340773202
6500,50,250,8500,0.14057606340773202
6000,45,150,6500,0.14039325571283637
6000,45,175,6500,0.14039325571283637
6000,45,200,6500,0.14039325571283637
6000,45,225,6500,0.14039325571283637
6000,45,250,6500,0.14039325571283637
7000,50,150,7000,0.14027940012285428
7000,50,175,7000,0.14027940012285428
7000,50,200,7000,0.14027940012285428
7000,50,225,7000,0.14027940012285428
7000,50,250,7000,0.14027940012285428
5500,45,150,7500,0.14026668029099648
5500,45,175,7500,0.14026668029099648
5500,45,200,7500,0.14026668029099648
5500,45,225,7500,0.14026668029099648
5500,45,250,7500,0.14026668029099648
5000,40,150,9000,0.14022659537374355
5000,40,175,9000,0.14022659537374355
5000,40,200,9000,0.14022659537374355
5000,40,225,9000,0.14022659537374355
5000,40,250,9000,0.14022659537374355
8000,40,150,7500,0.14016213910524236
7500,50,150,9000,0.14004294875297604
7500,50,175,9000,0.14004294875297604
7500,50,200,9000,0.14004294875297604
7500,50,225,9000,0.14004294875297604
7500,50,250,9000,0.14004294875297604
5000,40,150,6000,0.14002656831700538
5000,40,175,6000,0.14002656831700538
5000,40,200,6000,0.14002656831700538
5000,40,225,6000,0.14002656831700538
5000,40,250,6000,0.14002656831700538
6000,45,150,9000,0.13996138996138993
6000,45,175,9000,0.13996138996138993
6000,45,200,9000,0.13996138996138993
6000,45,225,9000,0.13996138996138993
6000,45,250,9000,0.13996138996138993
8000,40,150,8000,0.13987921412736026
6500,50,150,7500,0.1398702414464728
6500,50,175,7500,0.1398702414464728
6500,50,200,7500,0.1398702414464728
6500,50,225,7500,0.1398702414464728
6500,50,250,7500,0.1398702414464728
7000,50,150,6500,0.13986533143936225
7000,50,175,6500,0.13986533143936225
7000,50,200,6500,0.13986533143936225
7000,50,225,6500,0.13986533143936225
7000,50,250,6500,0.13986533143936225
6000,45,150,6000,0.13976987043125122
6000,45,175,6000,0.13976987043125122
6000,45,200,6000,0.13976987043125122
6000,45,225,6000,0.13976987043125122
6000,45,250,6000,0.13976987043125122
9000,35,150,8500,0.1396921074803578
8000,40,150,7000,0.139540502379737
7000,50,150,6000,0.13924348001620018
7000,50,175,6000,0.13924348001620018
7000,50,200,6000,0.13924348001620018
7000,50,225,6000,0.13924348001620018
7000,50,250,6000,0.13924348001620018
5500,45,150,7000,0.13920672472998893
5500,45,175,7000,0.13920672472998893
5500,45,200,7000,0.13920672472998893
5500,45,225,7000,0.13920672472998893
5500,45,250,7000,0.13920672472998893
8000,40,150,6500,0.1391255782946905
6500,50,150,7000,0.1389562589444285
6500,50,175,7000,0.1389562589444285
6500,50,200,7000,0.1389562589444285
6500,50,225,7000,0.1389562589444285
6500,50,250,7000,0.1389562589444285
7000,50,150,9000,0.1389363192269355
7000,50,175,9000,0.1389363192269355
7000,50,200,9000,0.1389363192269355
7000,50,225,9000,0.1389363192269355
7000,50,250,9000,0.1389363192269355
8000,40,150,8500,0.13890060066115498
6000,50,150,8000,0.13884792658057943
6000,50,150,8500,0.13884792658057943
6000,50,175,8000,0.13884792658057943
6000,50,175,8500,0.13884792658057943
6000,50,200,8000,0.13884792658057943
6000,50,200,8500,0.13884792658057943
6000,50,225,8000,0.13884792658057943
6000,50,225,8500,0.13884792658057943
6000,50,250,8000,0.13884792658057943
6000,50,250,8500,0.13884792658057943
5500,45,150,6500,0.13878719182275742
5500,45,175,6500,0.13878719182275742
5500,45,200,6500,0.13878719182275742
5500,45,225,6500,0.13878719182275742
5500,45,250,6500,0.13878719182275742
6500,50,150,6500,0.13853908652225058
6500,50,175,6500,0.13853908652225058
6500,50,200,6500,0.13853908652225058
6500,50,225,6500,0.13853908652225058
6500,50,250,6500,0.13853908652225058
8000,40,150,6000,0.1385024413185266
5500,45,150,9000,0.13850042768323353
5500,45,175,9000,0.13850042768323353
5500,45,200,9000,0.13850042768323353
5500,45,225,9000,0.13850042768323353
5500,45,250,9000,0.13850042768323353
5500,45,150,6000,0.13815712513208186
5500,45,175,6000,0.13815712513208186
5500,45,200,6000,0.13815712513208186
5500,45,225,6000,0.13815712513208186
5500,45,250,6000,0.13815712513208186
6000,50,150,7500,0.1381387359236066
6000,50,175,7500,0.1381387359236066
6000,50,200,7500,0.1381387359236066
6000,50,225,7500,0.1381387359236066
6000,50,250,7500,0.1381387359236066
6500,50,150,9000,0.13810688578195268
6500,50,175,9000,0.13810688578195268
6500,50,200,9000,0.13810688578195268
6500,50,225,9000,0.13810688578195268
6500,50,250,9000,0.13810688578195268
5000,45,150,8000,0.1380952985447977
5000,45,150,8500,0.1380952985447977
5000,45,175,8000,0.1380952985447977
5000,45,175,8500,0.1380952985447977
5000,45,200,8000,0.1380952985447977
5000,45,200,8500,0.1380952985447977
5000,45,225,8000,0.1380952985447977
5000,45,225,8500,0.1380952985447977
5000,45,250,8000,0.1380952985447977
5000,45,250,8500,0.1380952985447977
6500,50,150,6000,0.13791256939354862
6500,50,175,6000,0.13791256939354862
6500,50,200,6000,0.13791256939354862
6500,50,225,6000,0.13791256939354862
6500,50,250,6000,0.13791256939354862
8500,35,150,9000,0.13781544329668757
8500,40,150,7000,0.13768088399239695
5500,50,150,8000,0.13761205664544623
5500,50,150,8500,0.13761205664544623
5500,50,175,8000,0.13761205664544623
5500,50,175,8500,0.13761205664544623
5500,50,200,8000,0.13761205664544623
5500,50,200,8500,0.13761205664544623
5500,50,225,8000,0.13761205664544623
5500,50,225,8500,0.13761205664544623
5500,50,250,8000,0.13761205664544623
5500,50,250,8500,0.13761205664544623
8500,40,150,7500,0.13760852731754758
5000,45,150,7500,0.13738118359493987
5000,45,175,7500,0.13738118359493987
5000,45,200,7500,0.13738118359493987
5000,45,225,7500,0.13738118359493987
5000,45,250,7500,0.13738118359493987
8500,40,150,8000,0.1373279162408263
8500,40,150,6500,0.13726331742927048
6000,50,150,7000,0.13707546455482142
6000,50,175,7000,0.13707546455482142
6000,50,200,7000,0.13707546455482142
6000,50,225,7000,0.13707546455482142
6000,50,250,7000,0.13707546455482142
5500,50,150,7500,0.136899520758708
5500,50,175,7500,0.136899520758708
5500,50,200,7500,0.136899520758708
5500,50,225,7500,0.136899520758708
5500,50,250,7500,0.136899520758708
6000,50,150,6500,0.13665362197413417
6000,50,175,6500,0.13665362197413417
6000,50,200,6500,0.13665362197413417
6000,50,225,6500,0.13665362197413417
6000,50,250,6500,0.13665362197413417
8500,40,150,6000,0.1366362087794641
6000,50,150,9000,0.13636695982110503
6000,50,175,9000,0.13636695982110503
6000,50,200,9000,0.13636695982110503
6000,50,225,9000,0.13636695982110503
6000,50,250,9000,0.13636695982110503
8500,40,150,8500,0.13635103700119325
5000,45,150,7000,0.1363105243320613
5000,45,175,7000,0.1363105243320613
5000,45,200,7000,0.1363105243320613
5000,45,225,7000,0.1363105243320613
5000,45,250,7000,0.1363105243320613
6000,50,150,6000,0.1360200842155599
6000,50,175,6000,0.1360200842155599
6000,50,200,6000,0.1360200842155599
6000,50,225,6000,0.1360200842155599
6000,50,250,6000,0.1360200842155599
9000,35,150,9000,0.13584039919320148
5500,50,150,7000,0.1358312336911913
5500,50,175,7000,0.1358312336911913
5500,50,200,7000,0.1358312336911913
5500,50,225,7000,0.1358312336911913
5500,50,250,7000,0.1358312336911913
9000,40,150,7000,0.1356784641472572
5000,45,150,6500,0.13559709336867604
5000,45,150,9000,0.13559709336867604
5000,45,175,6500,0.13559709336867604
5000,45,175,9000,0.13559709336867604
5000,45,200,6500,0.13559709336867604
5000,45,200,9000,0.13559709336867604
5000,45,225,6500,0.13559709336867604
5000,45,225,9000,0.13559709336867604
5000,45,250,6500,0.13559709336867604
5000,45,250,9000,0.13559709336867604
9000,40,150,7500,0.13526187419925717
9000,40,150,6500,0.13525610563841556
5500,50,150,6500,0.13511938658808978
5500,50,150,9000,0.13511938658808978
5500,50,175,6500,0.13511938658808978
5500,50,175,9000,0.13511938658808978
5500,50,200,6500,0.13511938658808978
5500,50,200,9000,0.13511938658808978
5500,50,225,6500,0.13511938658808978
5500,50,225,9000,0.13511938658808978
5500,50,250,6500,0.13511938658808978
5500,50,250,9000,0.13511938658808978
8000,40,150,9000,0.13500575403468518
9000,40,150,8000,0.13498461534706088
5000,45,150,6000,0.13495385489785222
5000,45,175,6000,0.13495385489785222
5000,45,200,6000,0.13495385489785222
5000,45,225,6000,0.13495385489785222
5000,45,250,6000,0.13495385489785222
8000,45,150,8000,0.13473150074721324
9000,40,150,6000,0.13462179334758767
5500,50,150,6000,0.13448034545685725
5500,50,175,6000,0.13448034545685725
5500,50,200,6000,0.13448034545685725
5500,50,225,6000,0.13448034545685725
5500,50,250,6000,0.13448034545685725
8000,45,150,7500,0.13430518386298737
9000,40,150,8500,0.13400953016819553
5000,50,150,8000,0.13385879132994308
5000,50,150,8500,0.13385879132994308
5000,50,175,8000,0.13385879132994308
5000,50,175,8500,0.13385879132994308
5000,50,200,8000,0.13385879132994308
5000,50,200,8500,0.13385879132994308
5000,50,225,8000,0.13385879132994308
5000,50,225,8500,0.13385879132994308
5000,50,250,8000,0.13385879132994308
5000,50,250,8500,0.13385879132994308
8000,45,150,8500,0.13374557679367885
8000,45,150,7000,0.13366492028202975
8000,45,150,6500,0.13323755148432595
5000,50,150,7500,0.13313824067681884
5000,50,175,7500,0.13313824067681884
5000,50,200,7500,0.13313824067681884
5000,50,225,7500,0.13313824067681884
5000,50,250,7500,0.13313824067681884
8000,45,150,6000,0.13259570711292834
8500,45,150,7500,0.13256867815356255
8500,40,150,9000,0.13245675914748634
8500,45,150,8000,0.13229060951584978
5000,50,150,7000,0.13205793323614828
5000,50,175,7000,0.13205793323614828
5000,50,200,7000,0.13205793323614828
5000,50,225,7000,0.13205793323614828
5000,50,250,7000,0.13205793323614828
8500,45,150,7000,0.13192416090187034
8500,45,150,6500,0.13149395037254766
5000,50,150,6500,0.13133807373623257
5000,50,150,9000,0.13133807373623257
5000,50,175,6500,0.13133807373623257
5000,50,175,9000,0.13133807373623257
5000,50,200,6500,0.13133807373623257
5000,50,200,9000,0.13133807373623257
5000,50,225,6500,0.13133807373623257
5000,50,225,9000,0.13133807373623257
5000,50,250,6500,0.13133807373623257
5000,50,250,9000,0.13133807373623257
8500,45,150,8500,0.13130650397498275
8500,45,150,6000,0.13084783445209286
5000,50,150,6000,0.13039997841357787
5000,50,175,6000,0.13039997841357787
5000,50,200,6000,0.13039997841357787
5000,50,225,6000,0.13039997841357787
5000,50,250,6000,0.13039997841357787
8000,45,150,9000,0.13022067468999698
9000,40,150,9000,0.1301124731931384
8000,50,150,8000,0.12959792379404056
9000,45,150,7500,0.12952993124186085
9000,45,150,8000,0.12925503879620934
8000,50,150,8500,0.12924070425460724
9000,45,150,7000,0.1292331772897627
8000,50,150,7500,0.12902239129663745
9000,45,150,6500,0.12879840210847165
8000,50,150,7000,0.12836679511470853
9000,45,150,8500,0.12827260111392508
9000,45,150,6000,0.1281454246617558
8000,50,150,6500,0.12792918241171872
8500,45,150,9000,0.1276412870503536
8000,50,150,6000,0.12727193883090498
8500,50,150,8000,0.12716965449422857
8500,50,150,7500,0.12672920585126268
8500,50,150,8500,0.1263169800540077
8500,50,150,7000,0.12606769878159385
8000,50,150,9000,0.12567221239352222
8500,50,150,6500,0.12562613701497746
8500,50,150,6000,0.12496295709477999
9000,45,150,9000,0.12433067429062548
9000,50,150,7500,0.12416174915745418
9000,50,150,8000,0.12388911724859152
9000,50,150,7000,0.12349316508524728
9000,50,150,6500,0.12304687499999996
9000,50,150,8500,0.12289989169268167
8500,50,150,9000,0.12274555320735525
9000,50,150,6000,0.12237658708181554
9000,50,150,9000,0.11931903309358154
